{
  "T_c_exact": 2.269185314213022,
  "T_c_fit": 2.268597901049744,
  "nu_fit": 0.8210833307108979,
  "collapse_residual": 7.670311570347324e-05,
  "Tc_from_crossing": {
    "20": 2.228916767882204,
    "30": 2.24923039213193,
    "40": 2.2506777860529152
  },
  "test_acc": {
    "20": 0.9603,
    "30": 0.9772666666666666,
    "40": 0.9844
  }
}