{
  "L=8": {
    "T": [
      1.0,
      1.25,
      1.5,
      1.75,
      2.0,
      2.25,
      2.5,
      2.75,
      3.0
    ],
    "eps_mc": [
      -1.42218125,
      -1.364675,
      -1.23580625,
      -1.12396875,
      -1.0310625,
      -0.92108125,
      -0.8255625,
      -0.7420375,
      -0.66948125
    ],
    "eps_rbm": [
      -1.41746875,
      -1.35468125,
      -1.80806875,
      -1.28771875,
      -1.21205,
      -0.979275,
      -0.82316875,
      -0.744625,
      -0.6754
    ],
    "absM_mc": [
      0.0,
      0.0,
      0.0,
      0.0,
      0.0,
      0.0,
      0.0,
      0.0,
      0.0
    ],
    "absM_rbm": [
      0.0158875,
      0.02471875,
      0.7907625,
      0.229478125,
      0.253546875,
      0.087071875,
      0.03255625,
      0.035696875,
      0.0502
    ]
  },
  "L=12": {
    "T": [
      1.0,
      1.25,
      1.5,
      1.75,
      2.0,
      2.25,
      2.5,
      2.75,
      3.0
    ],
    "eps_mc": [
      -1.6049166666666663,
      -1.5307277777777777,
      -1.456113888888889,
      -1.3567,
      -1.2260666666666666,
      -1.0862666666666667,
      -0.9568555555555555,
      -0.8475833333333334,
      -0.7542166666666666
    ],
    "eps_rbm": [
      -1.5966,
      -1.5135777777777777,
      -1.4267416666666668,
      -1.3231694444444446,
      -1.2291583333333331,
      -1.0997083333333333,
      -0.9411583333333332,
      -0.8202277777777778,
      -0.7334583333333333
    ],
    "absM_mc": [
      0.0,
      0.0,
      0.0,
      0.0,
      0.0,
      0.0,
      0.0,
      0.0,
      0.0
    ],
    "absM_rbm": [
      0.0077291666666666654,
      0.020120833333333334,
      0.02882916666666667,
      0.03144861111111111,
      0.02869722222222222,
      0.03297638888888889,
      0.03922916666666667,
      0.042902777777777776,
      0.044393055555555554
    ]
  }
}